0,&#48;,0
2,&#50;,2
3,&#51;,3
4,&#52;,4
5,&#53;,5
6,&#54;,6
7,&#55;,7
8,&#56;,8
9,&#57;,9
_#26,&#19977;,三
_#6,&#19978;,上
_#15,&#19979;,下
_#32,&#19982;,与
_#134,&#19988;,且
_#88,&#19990;,世
_#72,&#19994;,业
_#4,&#20010;,个
_#5,&#20013;,中
_#1,&#20026;,为
_#221,&#20046;,乎
_#246,&#20048;,乐
_#166,&#20061;,九
_#10,&#20063;,也
_#80,&#20070;,书
_#13,&#20110;,于
_#75,&#20116;,五
_#48,&#20123;,些
_#161,&#20132;,交
_#95,&#20135;,产
_#215,&#20140;,京
_#146,&#20146;,亲
_#83,&#20160;,什
_,&#20182;,他
_#98,&#20195;,代
_#130,&#20196;,令
_#7,&#20204;,们
_#108,&#20219;,任
_#287,&#20225;,企
_#232,&#20284;,似
_#54,&#20294;,但
_#147,&#20303;,住
_#82,&#20307;,体
_#23,&#20316;,作
_#16,&#20320;,你
_#285,&#20381;,依
_#137,&#20445;,保
_#93,&#20449;,信
_#288,&#20498;,倒
_#122,&#20803;,元
_#238,&#20826;,党
_#77,&#20837;,入
_#68,&#20840;,全
_#149,&#20845;,六
_#186,&#20849;,共
_#66,&#20851;,关
_#214,&#20852;,兴
_#116,&#20877;,再
_#249,&#20889;,写
_#28,&#20891;,军
_#273,&#20892;,农
_#157,&#20915;,决
_#243,&#20917;,况
_#219,&#20934;,准
_#39,&#20998;,分
_#284,&#21016;,刘
_#113,&#21017;,则
_#237,&#21021;,初
_#78,&#21033;,利
_#118,&#21035;,别
_#45,&#21160;,动
_#267,&#21253;,包
_#128,&#21271;,北
_#160,&#21306;,区
_#20,&#21313;,十
_#239,&#21322;,半
_#97,&#21335;,南
_#294,&#21355;,卫
_#139,&#21364;,却
_#244,&#21382;,历
_#106,&#21407;,原
_#240,&#21439;,县
_#76,&#21450;,及
_#194,&#21488;,台
_#152,&#21490;,史
_#272,&#21491;,右
_#226,&#21507;,吃
_#107,&#21508;,各
_#87,&#21512;,合
_#29,&#21516;,同
_#86,&#21517;,名
_#266,&#21531;,君
_#207,&#21608;,周
_#102,&#21629;,命
_#173,&#21697;,品
_#213,&#21830;,商
_#9,&#22269;,国
_#255,&#22686;,增
_#96,&#22768;,声
_#58,&#22806;,外
_#258,&#22812;,夜
_#3,&#22823;,大
_#60,&#22826;,太
_#127,&#22827;,夫
_#100,&#22899;,女
_#22,&#22914;,如
_#171,&#23383;,字
_#34,&#23398;,学
_#63,&#23427;,它
_#110,&#23448;,官
_#41,&#23450;,定
_#52,&#23454;,实
_#269,&#23458;,客
_#281,&#23475;,害
_#223,&#23481;,容
_#282,&#23494;,密
_#19,&#23545;,对
_#210,&#23548;,导
_#37,&#23558;,将
_#27,&#23567;,小
_#111,&#23569;,少
_#14,&#23601;,就
_#206,&#23613;,尽
_#265,&#23621;,居
_#170,&#23637;,展
_#295,&#23681;,岁
_#148,&#24066;,市
_#274,&#24076;,希
_#145,&#24093;,帝
_#91,&#24120;,常
_#89,&#24179;,平
_#220,&#24191;,广
_#67,&#24212;,应
_#94,&#24230;,度
_#126,&#24314;,建
_#47,&#24320;,开
_#228,&#24341;,引
_#268,&#24351;,弟
_#129,&#24352;,张
_#158,&#24378;,强
_#30,&#24403;,当
_#159,&#24448;,往
_#291,&#24453;,待
_#296,&#24459;,律
_#114,&#24517;,必
_#257,&#24535;,志
_#260,&#24565;,念
_#142,&#24605;,思
_#140,&#24863;,感
_#71,&#25112;,战
_#230,&#25151;,房
_#65,&#25163;,手
_#278,&#25214;,找
_#53,&#25226;,把
_#293,&#25252;,护
_#123,&#25253;,报
_#200,&#25345;,持
_#286,&#25353;,按
_#178,&#25454;,据
_#264,&#25512;,推
_#119,&#25552;,提
_#150,&#25918;,放
_#74,&#25919;,政
_#172,&#25925;,故
_#109,&#25945;,教
_#104,&#25968;,数
_#250,&#25972;,整
_#56,&#25991;,文
_#84,&#26032;,新
_#24,&#26041;,方
_#261,&#26082;,既
_#25,&#26085;,日
_#50,&#26126;,明
_#233,&#26131;,易
_#299,&#26149;,春
_#263,&#26174;,显
_#231,&#26366;,曾
_#79,&#26368;,最
_#51,&#26376;,月
_#177,&#26381;,服
_#154,&#26395;,望
_#188,&#26397;,朝
_#144,&#26399;,期
_#190,&#26415;,术
_#62,&#26426;,机
_#168,&#26446;,李
_#132,&#26465;,条
_#2,&#26469;,来
_#199,&#26497;,极
_#92,&#26524;,果
_#277,&#26597;,查
_#297,&#26631;,标
_#212,&#26681;,根
_#191,&#26684;,格
_#290,&#27442;,欲
_#40,&#27492;,此
_#162,&#27494;,武
_#187,&#27599;,每
_#120,&#27604;,比
_#55,&#27665;,民
_#115,&#27668;,气
_#90,&#27700;,水
_#195,&#27743;,江
_#43,&#27809;,没
_#196,&#27827;,河
_#216,&#27880;,注
_#192,&#27982;,济
_#203,&#28145;,深
_#156,&#28165;,清
_#248,&#29031;,照
_#209,&#29233;,爱
_#218,&#29238;,父
_#103,&#29305;,特
_#292,&#29577;,玉
_#46,&#29616;,现
_#222,&#29978;,甚
_#17,&#29983;,生
_#21,&#29992;,用
_#69,&#30001;,由
_#179,&#30028;,界
_#245,&#30041;,留
_#121,&#30334;,百
_#259,&#30342;,皆
_#135,&#30446;,目
_#124,&#30452;,直
_#289,&#30465;,省
_#33,&#30475;,看
_#44,&#30693;,知
_#283,&#30740;,研
_#211,&#30830;,确
_#252,&#31034;,示
_#254,&#31036;,礼
_#164,&#31038;,社
_#36,&#31181;,种
_#165,&#31185;,科
_#208,&#31216;,称
_#184,&#31243;,程
_#143,&#31354;,空
_#247,&#31456;,章
_#59,&#31532;,第
_#57,&#31561;,等
_#280,&#31572;,答
_#227,&#31639;,算
_#136,&#31649;,管
_#183,&#31867;,类
_#133,&#31995;,系
_#229,&#32422;,约
_#251,&#32423;,级
_#270,&#32456;,终
_#138,&#32467;,结
_#81,&#32654;,美
_#298,&#32676;,群
_#12,&#32780;,而
_#224,&#32852;,联
_#18,&#33021;,能
_#70,&#33267;,至
_#153,&#33394;,色
_#176,&#33457;,花
_#201,&#33509;,若
_#202,&#33521;,英
_#217,&#34429;,虽
_#105,&#34920;,表
_#73,&#34987;,被
_#61,&#35199;,西
_#42,&#35265;,见
_#198,&#35268;,规
_#235,&#35270;,视
_#180,&#35273;,觉
_#112,&#35299;,解
_#174,&#35758;,议
_#169,&#35760;,记
_#131,&#35768;,许
_#117,&#35770;,论
_#167,&#35774;,设
_#197,&#35782;,识
_#85,&#35805;,话
_#8,&#35828;,说
_#225,&#35843;,调
_#275,&#35859;,谓
_#175,&#35937;,象
_#241,&#36136;,质
_#276,&#36153;,费
_#99,&#36208;,走
_#31,&#36215;,起
_#242,&#36234;,越
_#185,&#36716;,转
_#163,&#36798;,达
_#193,&#36816;,运
_#38,&#36824;,还
_#35,&#36827;,进
_#182,&#36828;,远
_#189,&#36830;,连
_#262,&#36865;,送
_#101,&#36890;,通
_#204,&#36896;,造
_#11,&#36947;,道
_#49,&#38271;,长
_#64,&#38388;,间
_#253,&#38463;,阿
_#256,&#38469;,际
_#236,&#38500;,除
_#234,&#38543;,随
_#141,&#38590;,难
_#205,&#38598;,集
_#125,&#38750;,非
_#155,&#39046;,领
_#151,&#39118;,风
_#181,&#39134;,飞
_#279,&#39135;,食
_#271,&#40857;,龙
